{"10:20": {"0": {"plddt": 17.842353896103884, "max_pae": 31.59375, "ptm": 0.24}, "1": {"plddt": 16.091688311688305, "max_pae": 31.734375, "ptm": 0.24}, "2": {"plddt": 16.734383116883116, "max_pae": 31.734375, "ptm": 0.15}, "3": {"plddt": 22.551720779220787, "max_pae": 31.75, "ptm": 0.23}, "4": {"plddt": 22.469561688311675, "max_pae": 31.734375, "ptm": 0.27}}, "15:31": {"0": {"plddt": 20.496655844155825, "max_pae": 31.71875, "ptm": 0.13}, "1": {"plddt": 18.293749999999992, "max_pae": 31.75, "ptm": 0.18}, "2": {"plddt": 19.013896103896098, "max_pae": 31.734375, "ptm": 0.21}, "3": {"plddt": 15.225535714285714, "max_pae": 31.75, "ptm": 0.13}, "4": {"plddt": 17.388149350649346, "max_pae": 31.75, "ptm": 0.23}}, "21:42": {"0": {"plddt": 58.18793831168833, "max_pae": 31.625, "ptm": 0.31}, "1": {"plddt": 61.736055194805225, "max_pae": 31.71875, "ptm": 0.31}, "2": {"plddt": 63.58866883116881, "max_pae": 31.515625, "ptm": 0.33}, "3": {"plddt": 57.88951298701298, "max_pae": 31.75, "ptm": 0.3}, "4": {"plddt": 42.2813311688312, "max_pae": 31.640625, "ptm": 0.24}}, "26:53": {"0": {"plddt": 61.12871753246757, "max_pae": 31.5, "ptm": 0.32}, "1": {"plddt": 63.90860389610388, "max_pae": 31.609375, "ptm": 0.36}, "2": {"plddt": 55.69487012987012, "max_pae": 31.59375, "ptm": 0.38}, "3": {"plddt": 66.65784090909094, "max_pae": 31.59375, "ptm": 0.32}, "4": {"plddt": 65.05376623376631, "max_pae": 31.640625, "ptm": 0.35}}, "32:64": {"0": {"plddt": 66.17827922077916, "max_pae": 31.453125, "ptm": 0.36}, "1": {"plddt": 67.75436688311693, "max_pae": 31.5625, "ptm": 0.37}, "2": {"plddt": 65.62074675324672, "max_pae": 31.46875, "ptm": 0.35}, "3": {"plddt": 68.19313311688315, "max_pae": 31.421875, "ptm": 0.4}, "4": {"plddt": 66.45133116883117, "max_pae": 31.625, "ptm": 0.31}}, "37:75": {"0": {"plddt": 64.85086038961046, "max_pae": 31.5, "ptm": 0.35}, "1": {"plddt": 61.26155844155845, "max_pae": 31.59375, "ptm": 0.32}, "2": {"plddt": 65.17131493506494, "max_pae": 31.5, "ptm": 0.36}, "3": {"plddt": 70.52784090909088, "max_pae": 31.484375, "ptm": 0.4}, "4": {"plddt": 71.45467532467542, "max_pae": 31.515625, "ptm": 0.44}}, "43:86": {"0": {"plddt": 55.80548701298702, "max_pae": 31.421875, "ptm": 0.32}, "1": {"plddt": 71.47889610389599, "max_pae": 31.359375, "ptm": 0.44}, "2": {"plddt": 67.88207792207784, "max_pae": 31.578125, "ptm": 0.34}, "3": {"plddt": 61.818246753246775, "max_pae": 31.546875, "ptm": 0.29}, "4": {"plddt": 70.9291883116883, "max_pae": 31.515625, "ptm": 0.4}}, "48:97": {"0": {"plddt": 68.78923701298697, "max_pae": 31.5, "ptm": 0.38}, "1": {"plddt": 67.94637987012987, "max_pae": 31.53125, "ptm": 0.38}, "2": {"plddt": 74.00488636363637, "max_pae": 31.453125, "ptm": 0.43}, "3": {"plddt": 68.91720779220783, "max_pae": 31.6875, "ptm": 0.35}, "4": {"plddt": 71.47084415584412, "max_pae": 31.515625, "ptm": 0.41}}, "54:108": {"0": {"plddt": 73.72722402597394, "max_pae": 31.515625, "ptm": 0.47}, "1": {"plddt": 67.94657467532475, "max_pae": 31.484375, "ptm": 0.33}, "2": {"plddt": 73.63551948051945, "max_pae": 31.484375, "ptm": 0.41}, "3": {"plddt": 71.2616396103897, "max_pae": 31.625, "ptm": 0.36}, "4": {"plddt": 69.28199675324676, "max_pae": 31.453125, "ptm": 0.4}}, "59:119": {"0": {"plddt": 68.36516233766244, "max_pae": 31.5625, "ptm": 0.34}, "1": {"plddt": 73.81886363636374, "max_pae": 31.484375, "ptm": 0.46}, "2": {"plddt": 74.97532467532473, "max_pae": 31.53125, "ptm": 0.48}, "3": {"plddt": 71.52579545454535, "max_pae": 31.546875, "ptm": 0.39}, "4": {"plddt": 71.91569805194806, "max_pae": 31.375, "ptm": 0.44}}, "65:130": {"0": {"plddt": 74.78274350649345, "max_pae": 31.546875, "ptm": 0.48}, "1": {"plddt": 71.96905844155847, "max_pae": 31.4375, "ptm": 0.4}, "2": {"plddt": 75.0196428571429, "max_pae": 31.359375, "ptm": 0.44}, "3": {"plddt": 72.59827922077925, "max_pae": 31.546875, "ptm": 0.42}, "4": {"plddt": 70.95370129870119, "max_pae": 31.5, "ptm": 0.4}}, "70:141": {"0": {"plddt": 73.00032467532463, "max_pae": 31.421875, "ptm": 0.44}, "1": {"plddt": 72.48318181818185, "max_pae": 31.3125, "ptm": 0.41}, "2": {"plddt": 76.43336038961036, "max_pae": 31.375, "ptm": 0.45}, "3": {"plddt": 73.53469155844145, "max_pae": 31.484375, "ptm": 0.42}, "4": {"plddt": 73.32970779220778, "max_pae": 31.53125, "ptm": 0.44}}, "76:152": {"0": {"plddt": 72.1646103896104, "max_pae": 31.375, "ptm": 0.44}, "1": {"plddt": 71.19425324675323, "max_pae": 31.53125, "ptm": 0.39}, "2": {"plddt": 76.45415584415579, "max_pae": 31.375, "ptm": 0.46}, "3": {"plddt": 72.18910714285714, "max_pae": 31.515625, "ptm": 0.39}, "4": {"plddt": 74.01649350649349, "max_pae": 31.484375, "ptm": 0.43}}, "81:163": {"0": {"plddt": 73.57360389610393, "max_pae": 31.390625, "ptm": 0.45}, "1": {"plddt": 72.28449675324681, "max_pae": 31.375, "ptm": 0.42}, "2": {"plddt": 74.74142857142851, "max_pae": 31.34375, "ptm": 0.44}, "3": {"plddt": 74.94670454545468, "max_pae": 31.546875, "ptm": 0.43}, "4": {"plddt": 73.23920454545447, "max_pae": 31.53125, "ptm": 0.44}}, "87:174": {"0": {"plddt": 73.68163961038964, "max_pae": 31.3125, "ptm": 0.45}, "1": {"plddt": 74.04641233766236, "max_pae": 31.234375, "ptm": 0.44}, "2": {"plddt": 74.97464285714285, "max_pae": 31.3125, "ptm": 0.44}, "3": {"plddt": 74.29897727272724, "max_pae": 31.5, "ptm": 0.43}, "4": {"plddt": 74.83303571428567, "max_pae": 31.484375, "ptm": 0.45}}, "92:185": {"0": {"plddt": 72.60965909090909, "max_pae": 31.390625, "ptm": 0.43}, "1": {"plddt": 73.69761363636358, "max_pae": 31.5625, "ptm": 0.42}, "2": {"plddt": 74.2759577922078, "max_pae": 31.34375, "ptm": 0.45}, "3": {"plddt": 75.35780844155843, "max_pae": 31.375, "ptm": 0.43}, "4": {"plddt": 74.63008116883113, "max_pae": 31.5, "ptm": 0.44}}, "98:196": {"0": {"plddt": 72.27337662337666, "max_pae": 31.46875, "ptm": 0.43}, "1": {"plddt": 73.08478896103897, "max_pae": 31.328125, "ptm": 0.43}, "2": {"plddt": 74.64167207792201, "max_pae": 31.484375, "ptm": 0.43}, "3": {"plddt": 73.40024350649348, "max_pae": 31.5, "ptm": 0.42}, "4": {"plddt": 73.36284090909088, "max_pae": 31.484375, "ptm": 0.42}}, "103:207": {"0": {"plddt": 71.4818181818181, "max_pae": 31.46875, "ptm": 0.42}, "1": {"plddt": 72.64465909090906, "max_pae": 31.390625, "ptm": 0.42}, "2": {"plddt": 73.44988636363635, "max_pae": 31.5625, "ptm": 0.44}, "3": {"plddt": 74.48714285714298, "max_pae": 31.5, "ptm": 0.45}, "4": {"plddt": 74.91642857142854, "max_pae": 31.359375, "ptm": 0.44}}, "109:218": {"0": {"plddt": 73.96839285714283, "max_pae": 31.46875, "ptm": 0.44}, "1": {"plddt": 71.26790584415586, "max_pae": 31.40625, "ptm": 0.4}, "2": {"plddt": 72.63430194805196, "max_pae": 31.5625, "ptm": 0.41}, "3": {"plddt": 75.38198051948045, "max_pae": 31.40625, "ptm": 0.44}, "4": {"plddt": 70.85857142857141, "max_pae": 31.421875, "ptm": 0.4}}, "114:229": {"0": {"plddt": 69.62139610389609, "max_pae": 31.453125, "ptm": 0.39}, "1": {"plddt": 71.47123376623374, "max_pae": 31.53125, "ptm": 0.39}, "2": {"plddt": 71.32170454545458, "max_pae": 31.421875, "ptm": 0.4}, "3": {"plddt": 75.0968668831168, "max_pae": 31.375, "ptm": 0.44}, "4": {"plddt": 73.47853896103896, "max_pae": 31.515625, "ptm": 0.43}}, "120:240": {"0": {"plddt": 74.51170454545455, "max_pae": 31.453125, "ptm": 0.47}, "1": {"plddt": 71.72292207792196, "max_pae": 31.359375, "ptm": 0.41}, "2": {"plddt": 75.41999999999994, "max_pae": 31.359375, "ptm": 0.45}, "3": {"plddt": 70.53487012987001, "max_pae": 31.421875, "ptm": 0.4}, "4": {"plddt": 74.22900974025977, "max_pae": 31.53125, "ptm": 0.44}}, "125:251": {"0": {"plddt": 70.74582792207795, "max_pae": 31.46875, "ptm": 0.39}, "1": {"plddt": 75.52545454545448, "max_pae": 31.359375, "ptm": 0.44}, "2": {"plddt": 69.21558441558444, "max_pae": 31.453125, "ptm": 0.36}, "3": {"plddt": 73.97048701298702, "max_pae": 31.46875, "ptm": 0.45}, "4": {"plddt": 73.63720779220782, "max_pae": 31.515625, "ptm": 0.41}}}