{"10:20": {"0": {"plddt": 18.071103896103885, "max_pae": 31.75, "ptm": 0.12}, "1": {"plddt": 19.474399350649353, "max_pae": 31.75, "ptm": 0.16}, "2": {"plddt": 19.275227272727296, "max_pae": 31.75, "ptm": 0.14}, "3": {"plddt": 16.22374999999999, "max_pae": 31.75, "ptm": 0.22}, "4": {"plddt": 18.99860389610389, "max_pae": 31.734375, "ptm": 0.12}}, "15:31": {"0": {"plddt": 20.972905844155846, "max_pae": 31.75, "ptm": 0.19}, "1": {"plddt": 25.859415584415608, "max_pae": 31.734375, "ptm": 0.17}, "2": {"plddt": 20.787727272727263, "max_pae": 31.75, "ptm": 0.17}, "3": {"plddt": 21.145211038961026, "max_pae": 31.75, "ptm": 0.13}, "4": {"plddt": 19.2237012987013, "max_pae": 31.75, "ptm": 0.14}}, "21:42": {"0": {"plddt": 53.02758116883116, "max_pae": 31.75, "ptm": 0.3}, "1": {"plddt": 63.20517857142858, "max_pae": 31.75, "ptm": 0.34}, "2": {"plddt": 49.89798701298702, "max_pae": 31.6875, "ptm": 0.25}, "3": {"plddt": 61.1729545454545, "max_pae": 31.75, "ptm": 0.32}, "4": {"plddt": 56.09222402597401, "max_pae": 31.703125, "ptm": 0.29}}, "26:53": {"0": {"plddt": 52.57063311688314, "max_pae": 31.75, "ptm": 0.29}, "1": {"plddt": 62.67319805194807, "max_pae": 31.75, "ptm": 0.29}, "2": {"plddt": 23.41457792207792, "max_pae": 31.703125, "ptm": 0.16}, "3": {"plddt": 56.09599025974029, "max_pae": 31.625, "ptm": 0.28}, "4": {"plddt": 63.874025974025955, "max_pae": 31.515625, "ptm": 0.35}}, "32:64": {"0": {"plddt": 65.82305194805191, "max_pae": 31.75, "ptm": 0.35}, "1": {"plddt": 57.68011363636359, "max_pae": 31.5625, "ptm": 0.36}, "2": {"plddt": 56.63061688311689, "max_pae": 31.546875, "ptm": 0.29}, "3": {"plddt": 64.19180194805195, "max_pae": 31.75, "ptm": 0.4}, "4": {"plddt": 66.09925324675326, "max_pae": 31.71875, "ptm": 0.32}}, "37:75": {"0": {"plddt": 63.70287337662339, "max_pae": 31.734375, "ptm": 0.34}, "1": {"plddt": 64.39853896103897, "max_pae": 31.609375, "ptm": 0.33}, "2": {"plddt": 67.63887987012987, "max_pae": 31.515625, "ptm": 0.34}, "3": {"plddt": 65.79103896103884, "max_pae": 31.421875, "ptm": 0.36}, "4": {"plddt": 70.88292207792215, "max_pae": 31.640625, "ptm": 0.42}}, "43:86": {"0": {"plddt": 67.41204545454542, "max_pae": 31.375, "ptm": 0.35}, "1": {"plddt": 49.55969155844156, "max_pae": 31.609375, "ptm": 0.29}, "2": {"plddt": 68.42425324675324, "max_pae": 31.53125, "ptm": 0.36}, "3": {"plddt": 65.64904220779222, "max_pae": 31.53125, "ptm": 0.33}, "4": {"plddt": 72.02469155844153, "max_pae": 31.390625, "ptm": 0.4}}, "48:97": {"0": {"plddt": 68.31506493506485, "max_pae": 31.484375, "ptm": 0.37}, "1": {"plddt": 69.47787337662336, "max_pae": 31.5, "ptm": 0.37}, "2": {"plddt": 69.94478896103897, "max_pae": 31.453125, "ptm": 0.39}, "3": {"plddt": 65.17793831168837, "max_pae": 31.515625, "ptm": 0.36}, "4": {"plddt": 67.08767857142864, "max_pae": 31.53125, "ptm": 0.35}}, "54:108": {"0": {"plddt": 66.08474025974031, "max_pae": 31.46875, "ptm": 0.34}, "1": {"plddt": 70.4366396103896, "max_pae": 31.40625, "ptm": 0.4}, "2": {"plddt": 67.97683441558448, "max_pae": 31.46875, "ptm": 0.38}, "3": {"plddt": 69.80579545454545, "max_pae": 31.578125, "ptm": 0.39}, "4": {"plddt": 70.79699675324675, "max_pae": 31.46875, "ptm": 0.38}}, "59:119": {"0": {"plddt": 69.41905844155845, "max_pae": 31.390625, "ptm": 0.39}, "1": {"plddt": 66.38295454545452, "max_pae": 31.484375, "ptm": 0.33}, "2": {"plddt": 73.9055681818183, "max_pae": 31.421875, "ptm": 0.46}, "3": {"plddt": 70.46637987012986, "max_pae": 31.484375, "ptm": 0.44}, "4": {"plddt": 71.08436688311684, "max_pae": 31.484375, "ptm": 0.39}}, "65:130": {"0": {"plddt": 71.67818181818188, "max_pae": 31.46875, "ptm": 0.39}, "1": {"plddt": 67.93150974025974, "max_pae": 31.453125, "ptm": 0.37}, "2": {"plddt": 74.05120129870133, "max_pae": 31.40625, "ptm": 0.46}, "3": {"plddt": 23.223474025974003, "max_pae": 31.609375, "ptm": 0.17}, "4": {"plddt": 70.28545454545457, "max_pae": 31.5, "ptm": 0.43}}, "70:141": {"0": {"plddt": 71.6657954545455, "max_pae": 31.40625, "ptm": 0.41}, "1": {"plddt": 70.6331331168831, "max_pae": 31.546875, "ptm": 0.44}, "2": {"plddt": 66.02701298701307, "max_pae": 31.53125, "ptm": 0.38}, "3": {"plddt": 73.89259740259736, "max_pae": 31.515625, "ptm": 0.46}, "4": {"plddt": 71.14029220779233, "max_pae": 31.640625, "ptm": 0.39}}, "76:152": {"0": {"plddt": 71.29340909090905, "max_pae": 31.40625, "ptm": 0.42}, "1": {"plddt": 70.76259740259741, "max_pae": 31.53125, "ptm": 0.38}, "2": {"plddt": 69.82933441558438, "max_pae": 31.484375, "ptm": 0.4}, "3": {"plddt": 69.63238636363637, "max_pae": 31.46875, "ptm": 0.38}, "4": {"plddt": 74.81415584415592, "max_pae": 31.34375, "ptm": 0.47}}, "81:163": {"0": {"plddt": 71.22511363636373, "max_pae": 31.453125, "ptm": 0.42}, "1": {"plddt": 68.49025974025973, "max_pae": 31.40625, "ptm": 0.38}, "2": {"plddt": 77.19988636363642, "max_pae": 31.328125, "ptm": 0.48}, "3": {"plddt": 71.67332792207796, "max_pae": 31.453125, "ptm": 0.39}, "4": {"plddt": 72.25769480519479, "max_pae": 31.546875, "ptm": 0.45}}, "87:174": {"0": {"plddt": 72.76824675324681, "max_pae": 31.328125, "ptm": 0.46}, "1": {"plddt": 72.32905844155843, "max_pae": 31.515625, "ptm": 0.46}, "2": {"plddt": 70.3940746753247, "max_pae": 31.421875, "ptm": 0.4}, "3": {"plddt": 76.65654220779211, "max_pae": 31.3125, "ptm": 0.49}, "4": {"plddt": 71.08967532467538, "max_pae": 31.609375, "ptm": 0.39}}, "92:185": {"0": {"plddt": 73.25529220779211, "max_pae": 31.421875, "ptm": 0.44}, "1": {"plddt": 71.04725649350651, "max_pae": 31.34375, "ptm": 0.42}, "2": {"plddt": 76.14347402597396, "max_pae": 31.265625, "ptm": 0.46}, "3": {"plddt": 70.76793831168833, "max_pae": 31.609375, "ptm": 0.39}, "4": {"plddt": 71.92386363636363, "max_pae": 31.53125, "ptm": 0.44}}, "98:196": {"0": {"plddt": 70.72275974025969, "max_pae": 31.5625, "ptm": 0.41}, "1": {"plddt": 71.7897727272728, "max_pae": 31.40625, "ptm": 0.45}, "2": {"plddt": 70.39128246753252, "max_pae": 31.59375, "ptm": 0.39}, "3": {"plddt": 71.04620129870133, "max_pae": 31.5625, "ptm": 0.42}, "4": {"plddt": 75.19008116883123, "max_pae": 31.375, "ptm": 0.47}}, "103:207": {"0": {"plddt": 69.87795454545453, "max_pae": 31.578125, "ptm": 0.39}, "1": {"plddt": 70.65314935064926, "max_pae": 31.40625, "ptm": 0.43}, "2": {"plddt": 75.44745129870127, "max_pae": 31.390625, "ptm": 0.46}, "3": {"plddt": 72.02717532467533, "max_pae": 31.46875, "ptm": 0.38}, "4": {"plddt": 71.54256493506495, "max_pae": 31.53125, "ptm": 0.45}}, "109:218": {"0": {"plddt": 69.69767857142854, "max_pae": 31.421875, "ptm": 0.38}, "1": {"plddt": 71.3827759740259, "max_pae": 31.390625, "ptm": 0.43}, "2": {"plddt": 75.77896103896106, "max_pae": 31.3125, "ptm": 0.47}, "3": {"plddt": 71.98074675324673, "max_pae": 31.5, "ptm": 0.39}, "4": {"plddt": 70.77297077922088, "max_pae": 31.5625, "ptm": 0.44}}, "114:229": {"0": {"plddt": 70.187288961039, "max_pae": 31.609375, "ptm": 0.39}, "1": {"plddt": 70.13212662337668, "max_pae": 31.625, "ptm": 0.41}, "2": {"plddt": 71.06131493506501, "max_pae": 31.40625, "ptm": 0.42}, "3": {"plddt": 75.01168831168827, "max_pae": 31.375, "ptm": 0.47}, "4": {"plddt": 72.07637987012993, "max_pae": 31.546875, "ptm": 0.39}}, "120:240": {"0": {"plddt": 70.90680194805192, "max_pae": 31.609375, "ptm": 0.41}, "1": {"plddt": 71.13529220779222, "max_pae": 31.390625, "ptm": 0.44}, "2": {"plddt": 74.2089285714286, "max_pae": 31.46875, "ptm": 0.47}, "3": {"plddt": 71.28990259740253, "max_pae": 31.390625, "ptm": 0.39}, "4": {"plddt": 69.65133116883125, "max_pae": 31.421875, "ptm": 0.37}}, "125:251": {"0": {"plddt": 73.52631493506496, "max_pae": 31.421875, "ptm": 0.44}, "1": {"plddt": 70.70767857142852, "max_pae": 31.4375, "ptm": 0.43}, "2": {"plddt": 73.8821915584416, "max_pae": 31.390625, "ptm": 0.45}, "3": {"plddt": 69.22452922077917, "max_pae": 31.421875, "ptm": 0.36}, "4": {"plddt": 70.51875000000001, "max_pae": 31.53125, "ptm": 0.41}}}