{"maxMSA_506_1012": {"0": {"plddt": 75.02, "max_pae": 31.4375, "ptm": 0.51}, "1": {"plddt": 78.38, "max_pae": 31.328125, "ptm": 0.51}, "2": {"plddt": 76.67, "max_pae": 31.40625, "ptm": 0.54}, "3": {"plddt": 72.5, "max_pae": 31.59375, "ptm": 0.42}, "4": {"plddt": 71.41, "max_pae": 31.484375, "ptm": 0.38}}, "maxMSA_481_963": {"0": {"plddt": 75.0, "max_pae": 31.453125, "ptm": 0.5}, "1": {"plddt": 70.93, "max_pae": 31.5625, "ptm": 0.39}, "2": {"plddt": 71.95, "max_pae": 31.34375, "ptm": 0.41}, "3": {"plddt": 72.94, "max_pae": 31.234375, "ptm": 0.39}, "4": {"plddt": 74.85, "max_pae": 31.359375, "ptm": 0.51}}, "maxMSA_457_914": {"0": {"plddt": 75.0, "max_pae": 31.390625, "ptm": 0.52}, "1": {"plddt": 71.2, "max_pae": 31.5625, "ptm": 0.38}, "2": {"plddt": 72.87, "max_pae": 31.484375, "ptm": 0.45}, "3": {"plddt": 78.76, "max_pae": 31.375, "ptm": 0.51}, "4": {"plddt": 75.96, "max_pae": 31.359375, "ptm": 0.55}}, "maxMSA_432_865": {"0": {"plddt": 73.2, "max_pae": 31.484375, "ptm": 0.46}, "1": {"plddt": 69.76, "max_pae": 31.515625, "ptm": 0.39}, "2": {"plddt": 78.36, "max_pae": 31.34375, "ptm": 0.5}, "3": {"plddt": 76.11, "max_pae": 31.359375, "ptm": 0.55}, "4": {"plddt": 74.51, "max_pae": 31.546875, "ptm": 0.49}}, "maxMSA_408_816": {"0": {"plddt": 69.86, "max_pae": 31.578125, "ptm": 0.49}, "1": {"plddt": 71.73, "max_pae": 31.515625, "ptm": 0.44}, "2": {"plddt": 76.37, "max_pae": 31.3125, "ptm": 0.46}, "3": {"plddt": 74.49, "max_pae": 31.5625, "ptm": 0.48}, "4": {"plddt": 71.82, "max_pae": 31.453125, "ptm": 0.39}}, "maxMSA_383_767": {"0": {"plddt": 71.3, "max_pae": 31.484375, "ptm": 0.47}, "1": {"plddt": 73.25, "max_pae": 31.421875, "ptm": 0.45}, "2": {"plddt": 76.16, "max_pae": 31.28125, "ptm": 0.47}, "3": {"plddt": 73.5, "max_pae": 31.359375, "ptm": 0.42}, "4": {"plddt": 75.83, "max_pae": 31.390625, "ptm": 0.53}}, "maxMSA_359_718": {"0": {"plddt": 72.48, "max_pae": 31.515625, "ptm": 0.48}, "1": {"plddt": 73.34, "max_pae": 31.390625, "ptm": 0.44}, "2": {"plddt": 77.51, "max_pae": 31.296875, "ptm": 0.49}, "3": {"plddt": 72.95, "max_pae": 31.484375, "ptm": 0.43}, "4": {"plddt": 74.43, "max_pae": 31.40625, "ptm": 0.5}}, "maxMSA_334_669": {"0": {"plddt": 73.09, "max_pae": 31.5, "ptm": 0.46}, "1": {"plddt": 71.7, "max_pae": 31.421875, "ptm": 0.44}, "2": {"plddt": 77.46, "max_pae": 31.25, "ptm": 0.5}, "3": {"plddt": 74.39, "max_pae": 31.53125, "ptm": 0.48}, "4": {"plddt": 76.04, "max_pae": 31.453125, "ptm": 0.53}}, "maxMSA_310_620": {"0": {"plddt": 73.88, "max_pae": 31.4375, "ptm": 0.47}, "1": {"plddt": 72.28, "max_pae": 31.4375, "ptm": 0.44}, "2": {"plddt": 78.41, "max_pae": 31.21875, "ptm": 0.51}, "3": {"plddt": 72.94, "max_pae": 31.5, "ptm": 0.43}, "4": {"plddt": 75.58, "max_pae": 31.375, "ptm": 0.53}}, "maxMSA_285_571": {"0": {"plddt": 72.38, "max_pae": 31.46875, "ptm": 0.43}, "1": {"plddt": 78.61, "max_pae": 31.265625, "ptm": 0.52}, "2": {"plddt": 72.81, "max_pae": 31.515625, "ptm": 0.43}, "3": {"plddt": 74.82, "max_pae": 31.421875, "ptm": 0.51}, "4": {"plddt": 73.29, "max_pae": 31.453125, "ptm": 0.44}}, "maxMSA_261_522": {"0": {"plddt": 75.01, "max_pae": 31.5, "ptm": 0.51}, "1": {"plddt": 72.68, "max_pae": 31.484375, "ptm": 0.44}, "2": {"plddt": 72.13, "max_pae": 31.359375, "ptm": 0.42}, "3": {"plddt": 76.43, "max_pae": 31.328125, "ptm": 0.48}, "4": {"plddt": 74.29, "max_pae": 31.484375, "ptm": 0.49}}, "maxMSA_236_473": {"0": {"plddt": 74.74, "max_pae": 31.53125, "ptm": 0.5}, "1": {"plddt": 73.81, "max_pae": 31.453125, "ptm": 0.46}, "2": {"plddt": 76.91, "max_pae": 31.265625, "ptm": 0.49}, "3": {"plddt": 73.35, "max_pae": 31.421875, "ptm": 0.46}, "4": {"plddt": 75.13, "max_pae": 31.46875, "ptm": 0.49}}, "maxMSA_212_424": {"0": {"plddt": 72.61, "max_pae": 31.421875, "ptm": 0.44}, "1": {"plddt": 73.29, "max_pae": 31.5, "ptm": 0.45}, "2": {"plddt": 74.28, "max_pae": 31.375, "ptm": 0.46}, "3": {"plddt": 74.31, "max_pae": 31.3125, "ptm": 0.45}, "4": {"plddt": 74.29, "max_pae": 31.4375, "ptm": 0.47}}, "maxMSA_187_375": {"0": {"plddt": 74.3, "max_pae": 31.546875, "ptm": 0.47}, "1": {"plddt": 74.57, "max_pae": 31.4375, "ptm": 0.46}, "2": {"plddt": 77.54, "max_pae": 31.234375, "ptm": 0.5}, "3": {"plddt": 71.78, "max_pae": 31.4375, "ptm": 0.43}, "4": {"plddt": 73.64, "max_pae": 31.375, "ptm": 0.43}}, "maxMSA_163_326": {"0": {"plddt": 73.9, "max_pae": 31.375, "ptm": 0.45}, "1": {"plddt": 71.18, "max_pae": 31.484375, "ptm": 0.41}, "2": {"plddt": 76.4, "max_pae": 31.265625, "ptm": 0.45}, "3": {"plddt": 72.43, "max_pae": 31.40625, "ptm": 0.41}, "4": {"plddt": 71.84, "max_pae": 31.484375, "ptm": 0.43}}, "maxMSA_138_277": {"0": {"plddt": 74.48, "max_pae": 31.328125, "ptm": 0.45}, "1": {"plddt": 70.74, "max_pae": 31.40625, "ptm": 0.46}, "2": {"plddt": 76.18, "max_pae": 31.296875, "ptm": 0.44}, "3": {"plddt": 72.34, "max_pae": 31.46875, "ptm": 0.42}, "4": {"plddt": 70.93, "max_pae": 31.515625, "ptm": 0.43}}, "maxMSA_114_228": {"0": {"plddt": 70.68, "max_pae": 31.59375, "ptm": 0.41}, "1": {"plddt": 70.54, "max_pae": 31.390625, "ptm": 0.41}, "2": {"plddt": 75.67, "max_pae": 31.359375, "ptm": 0.48}, "3": {"plddt": 72.13, "max_pae": 31.59375, "ptm": 0.39}, "4": {"plddt": 70.69, "max_pae": 31.59375, "ptm": 0.4}}, "maxMSA_89_179": {"0": {"plddt": 73.0, "max_pae": 31.40625, "ptm": 0.47}, "1": {"plddt": 71.73, "max_pae": 31.359375, "ptm": 0.42}, "2": {"plddt": 70.74, "max_pae": 31.5625, "ptm": 0.39}, "3": {"plddt": 72.7, "max_pae": 31.46875, "ptm": 0.45}, "4": {"plddt": 76.48, "max_pae": 31.296875, "ptm": 0.48}}, "maxMSA_65_130": {"0": {"plddt": 71.57, "max_pae": 31.46875, "ptm": 0.39}, "1": {"plddt": 73.64, "max_pae": 31.34375, "ptm": 0.45}, "2": {"plddt": 70.99, "max_pae": 31.46875, "ptm": 0.44}, "3": {"plddt": 71.3, "max_pae": 31.40625, "ptm": 0.4}, "4": {"plddt": 67.54, "max_pae": 31.453125, "ptm": 0.37}}, "maxMSA_40_81": {"0": {"plddt": 67.36, "max_pae": 31.578125, "ptm": 0.34}, "1": {"plddt": 66.51, "max_pae": 31.421875, "ptm": 0.36}, "2": {"plddt": 68.47, "max_pae": 31.4375, "ptm": 0.34}, "3": {"plddt": 71.27, "max_pae": 31.4375, "ptm": 0.4}, "4": {"plddt": 17.32, "max_pae": 31.46875, "ptm": 0.15}}, "maxMSA_16_32": {"0": {"plddt": 38.32, "max_pae": 31.75, "ptm": 0.25}, "1": {"plddt": 47.17, "max_pae": 31.75, "ptm": 0.26}, "2": {"plddt": 21.83, "max_pae": 31.359375, "ptm": 0.17}, "3": {"plddt": 16.04, "max_pae": 31.75, "ptm": 0.16}, "4": {"plddt": 29.39, "max_pae": 31.75, "ptm": 0.2}}}