{"maxMSA_506_1012": {"0": {"plddt": 76.5, "max_pae": 31.375, "ptm": 0.48}, "1": {"plddt": 76.49, "max_pae": 31.4375, "ptm": 0.5}, "2": {"plddt": 73.91, "max_pae": 31.390625, "ptm": 0.46}, "3": {"plddt": 75.76, "max_pae": 31.40625, "ptm": 0.46}, "4": {"plddt": 75.52, "max_pae": 31.53125, "ptm": 0.48}}, "maxMSA_481_963": {"0": {"plddt": 75.99, "max_pae": 31.390625, "ptm": 0.48}, "1": {"plddt": 75.02, "max_pae": 31.515625, "ptm": 0.46}, "2": {"plddt": 75.43, "max_pae": 31.328125, "ptm": 0.45}, "3": {"plddt": 76.36, "max_pae": 31.40625, "ptm": 0.5}, "4": {"plddt": 73.85, "max_pae": 31.40625, "ptm": 0.45}}, "maxMSA_457_914": {"0": {"plddt": 76.53, "max_pae": 31.296875, "ptm": 0.49}, "1": {"plddt": 76.25, "max_pae": 31.421875, "ptm": 0.5}, "2": {"plddt": 74.37, "max_pae": 31.328125, "ptm": 0.46}, "3": {"plddt": 75.28, "max_pae": 31.40625, "ptm": 0.44}, "4": {"plddt": 75.06, "max_pae": 31.5, "ptm": 0.47}}, "maxMSA_432_865": {"0": {"plddt": 76.24, "max_pae": 31.40625, "ptm": 0.49}, "1": {"plddt": 76.12, "max_pae": 31.421875, "ptm": 0.49}, "2": {"plddt": 74.28, "max_pae": 31.453125, "ptm": 0.45}, "3": {"plddt": 75.46, "max_pae": 31.390625, "ptm": 0.44}, "4": {"plddt": 75.24, "max_pae": 31.59375, "ptm": 0.47}}, "maxMSA_408_816": {"0": {"plddt": 75.36, "max_pae": 31.546875, "ptm": 0.48}, "1": {"plddt": 76.17, "max_pae": 31.40625, "ptm": 0.5}, "2": {"plddt": 75.79, "max_pae": 31.4375, "ptm": 0.48}, "3": {"plddt": 72.87, "max_pae": 31.5, "ptm": 0.42}, "4": {"plddt": 74.92, "max_pae": 31.375, "ptm": 0.44}}, "maxMSA_383_767": {"0": {"plddt": 75.41, "max_pae": 31.359375, "ptm": 0.44}, "1": {"plddt": 74.89, "max_pae": 31.515625, "ptm": 0.48}, "2": {"plddt": 75.96, "max_pae": 31.4375, "ptm": 0.49}, "3": {"plddt": 76.13, "max_pae": 31.421875, "ptm": 0.49}, "4": {"plddt": 72.77, "max_pae": 31.4375, "ptm": 0.42}}, "maxMSA_359_718": {"0": {"plddt": 74.9, "max_pae": 31.375, "ptm": 0.43}, "1": {"plddt": 75.67, "max_pae": 31.453125, "ptm": 0.48}, "2": {"plddt": 76.0, "max_pae": 31.390625, "ptm": 0.5}, "3": {"plddt": 72.37, "max_pae": 31.453125, "ptm": 0.41}, "4": {"plddt": 74.71, "max_pae": 31.546875, "ptm": 0.48}}, "maxMSA_334_669": {"0": {"plddt": 74.29, "max_pae": 31.46875, "ptm": 0.43}, "1": {"plddt": 75.59, "max_pae": 31.484375, "ptm": 0.47}, "2": {"plddt": 75.62, "max_pae": 31.5, "ptm": 0.47}, "3": {"plddt": 76.25, "max_pae": 31.40625, "ptm": 0.5}, "4": {"plddt": 73.65, "max_pae": 31.40625, "ptm": 0.43}}, "maxMSA_310_620": {"0": {"plddt": 75.38, "max_pae": 31.453125, "ptm": 0.48}, "1": {"plddt": 71.69, "max_pae": 31.46875, "ptm": 0.43}, "2": {"plddt": 75.64, "max_pae": 31.390625, "ptm": 0.49}, "3": {"plddt": 74.25, "max_pae": 31.453125, "ptm": 0.44}, "4": {"plddt": 74.18, "max_pae": 31.5, "ptm": 0.45}}, "maxMSA_285_571": {"0": {"plddt": 74.73, "max_pae": 31.453125, "ptm": 0.44}, "1": {"plddt": 74.72, "max_pae": 31.453125, "ptm": 0.46}, "2": {"plddt": 75.23, "max_pae": 31.390625, "ptm": 0.48}, "3": {"plddt": 72.63, "max_pae": 31.375, "ptm": 0.44}, "4": {"plddt": 74.84, "max_pae": 31.53125, "ptm": 0.47}}, "maxMSA_261_522": {"0": {"plddt": 74.17, "max_pae": 31.484375, "ptm": 0.45}, "1": {"plddt": 74.25, "max_pae": 31.34375, "ptm": 0.45}, "2": {"plddt": 74.13, "max_pae": 31.375, "ptm": 0.42}, "3": {"plddt": 73.96, "max_pae": 31.46875, "ptm": 0.44}, "4": {"plddt": 74.99, "max_pae": 31.421875, "ptm": 0.48}}, "maxMSA_236_473": {"0": {"plddt": 75.26, "max_pae": 31.46875, "ptm": 0.48}, "1": {"plddt": 74.57, "max_pae": 31.421875, "ptm": 0.45}, "2": {"plddt": 73.83, "max_pae": 31.421875, "ptm": 0.42}, "3": {"plddt": 72.93, "max_pae": 31.421875, "ptm": 0.44}, "4": {"plddt": 74.72, "max_pae": 31.53125, "ptm": 0.48}}, "maxMSA_212_424": {"0": {"plddt": 74.24, "max_pae": 31.265625, "ptm": 0.45}, "1": {"plddt": 75.1, "max_pae": 31.4375, "ptm": 0.48}, "2": {"plddt": 71.59, "max_pae": 31.296875, "ptm": 0.43}, "3": {"plddt": 73.52, "max_pae": 31.46875, "ptm": 0.45}, "4": {"plddt": 74.25, "max_pae": 31.421875, "ptm": 0.43}}, "maxMSA_187_375": {"0": {"plddt": 74.2, "max_pae": 31.359375, "ptm": 0.45}, "1": {"plddt": 73.41, "max_pae": 31.4375, "ptm": 0.42}, "2": {"plddt": 72.75, "max_pae": 31.375, "ptm": 0.43}, "3": {"plddt": 75.14, "max_pae": 31.359375, "ptm": 0.47}, "4": {"plddt": 74.75, "max_pae": 31.484375, "ptm": 0.45}}, "maxMSA_163_326": {"0": {"plddt": 73.89, "max_pae": 31.53125, "ptm": 0.44}, "1": {"plddt": 74.67, "max_pae": 31.421875, "ptm": 0.46}, "2": {"plddt": 73.06, "max_pae": 31.375, "ptm": 0.43}, "3": {"plddt": 73.39, "max_pae": 31.40625, "ptm": 0.43}, "4": {"plddt": 72.67, "max_pae": 31.4375, "ptm": 0.4}}, "maxMSA_138_277": {"0": {"plddt": 74.02, "max_pae": 31.3125, "ptm": 0.45}, "1": {"plddt": 73.55, "max_pae": 31.484375, "ptm": 0.41}, "2": {"plddt": 71.81, "max_pae": 31.453125, "ptm": 0.41}, "3": {"plddt": 75.48, "max_pae": 31.375, "ptm": 0.47}, "4": {"plddt": 74.35, "max_pae": 31.515625, "ptm": 0.44}}, "maxMSA_114_228": {"0": {"plddt": 71.79, "max_pae": 31.515625, "ptm": 0.42}, "1": {"plddt": 72.64, "max_pae": 31.515625, "ptm": 0.41}, "2": {"plddt": 73.92, "max_pae": 31.28125, "ptm": 0.43}, "3": {"plddt": 72.82, "max_pae": 31.4375, "ptm": 0.39}, "4": {"plddt": 74.68, "max_pae": 31.46875, "ptm": 0.45}}, "maxMSA_89_179": {"0": {"plddt": 75.04, "max_pae": 31.46875, "ptm": 0.45}, "1": {"plddt": 73.48, "max_pae": 31.4375, "ptm": 0.42}, "2": {"plddt": 73.29, "max_pae": 31.25, "ptm": 0.44}, "3": {"plddt": 73.84, "max_pae": 31.515625, "ptm": 0.4}, "4": {"plddt": 74.13, "max_pae": 31.40625, "ptm": 0.45}}, "maxMSA_65_130": {"0": {"plddt": 71.82, "max_pae": 31.296875, "ptm": 0.42}, "1": {"plddt": 74.08, "max_pae": 31.25, "ptm": 0.45}, "2": {"plddt": 74.5, "max_pae": 31.46875, "ptm": 0.43}, "3": {"plddt": 72.61, "max_pae": 31.5, "ptm": 0.42}, "4": {"plddt": 72.45, "max_pae": 31.484375, "ptm": 0.4}}, "maxMSA_40_81": {"0": {"plddt": 69.99, "max_pae": 31.5625, "ptm": 0.42}, "1": {"plddt": 54.82, "max_pae": 31.578125, "ptm": 0.45}, "2": {"plddt": 25.79, "max_pae": 31.390625, "ptm": 0.15}, "3": {"plddt": 69.48, "max_pae": 31.53125, "ptm": 0.38}, "4": {"plddt": 65.75, "max_pae": 31.515625, "ptm": 0.33}}, "maxMSA_16_32": {"0": {"plddt": 20.38, "max_pae": 31.59375, "ptm": 0.15}, "1": {"plddt": 18.6, "max_pae": 31.75, "ptm": 0.18}, "2": {"plddt": 18.8, "max_pae": 31.71875, "ptm": 0.23}, "3": {"plddt": 16.96, "max_pae": 31.734375, "ptm": 0.26}, "4": {"plddt": 19.72, "max_pae": 31.75, "ptm": 0.14}}}